<?xml version="1.0" encoding="UTF-8" standalone="yes"?>
<addon id="plugin.program.steamlink" name="Steamlink Launcher" version="0.0.3" provider-name="bigbrozer">
  <requires>
    <import addon="xbmc.python" version="2.25.0"/>
  </requires>
  <extension point="xbmc.python.pluginsource" library="addon.py">
    <provides>executable</provides>
  </extension>
  <extension point="xbmc.addon.metadata">
    <summary lang="en_GB">Launch Steamlink from Kodi.</summary>
    <description lang="en_GB">This plugin adds a Kodi launcher for starting Steamlink to broadcast Steam games from your Kodi setup.</description>
    <disclaimer lang="en_GB"></disclaimer>
    <language>en</language>
    <platform>linux</platform>
    <license>GPLv2</license>
    <forum>https://github.com/bigbrozer/kodi-steamlink-launcher/issues</forum>
    <website></website>
    <email>besancon.vincent@gmail.com</email>
    <source>https://github.com/bigbrozer/kodi-steamlink-launcher</source>
    <news>
      0.0.3 RPi3B+ support
      0.0.2 Stop kodi to save resources and use heartbeat to detect kodi restart
      0.0.1 Initial release
    </news>
    <assets>
        <icon>resources/icon.png</icon>
        <fanart>resources/fanart.jpg</fanart>
        <screenshot>resources/screenshot.png</screenshot>
    </assets>
  </extension>
</addon>
